抗体编号,序列长度,CDR序列
1,9,CCLYKIGAI
2,3,HFQ
3,30,WKMIEHSWMTFSAECMFWACASFQTFENYT
4,10,NAYKWQSTYM
5,1,R
6,1,A
7,30,ECGFAYDNCNRMFMYDMKTGNFQPLQIKYE
8,30,KWAESLDETFPKEEPGQGQFEEDNVGRHAP
9,30,GWESDFRRHFMAVDGVNWDLKQWNVAKMYF
10,20,FDKIQINHDRYGRDYEFWMY
11,30,QASQLGHQGILTETHMQDYIKHPKAGDEKV
12,9,FHHMPKTEQ
13,26,YGHKVKIQFWEQRHRWAWQNMSRWSL
14,6,FQNLKW
15,30,NEQSQCMALGLPVNDQAIADYRQWSKWVDS
16,3,NFS
17,30,VNPNWPIDIEMQDYQWIIMEPPFMVNVCNE
18,10,VPELMADIIE
19,30,NCRAYFEICKLPQQQPHPEVLYWYYRWCII
20,5,SPGKM
21,6,WQWITT
22,12,KFMVPQFEWLWP
23,30,LYRINYHRHTQRMYCKEKWCIVSYPESDIW
24,7,WFWIYGS
25,16,KSVYQLWMVEALHFPK
26,23,YNHFRVQCREYAYLILDMCYTTR
27,13,KVGSWRCHGMKQY
28,1,D
29,30,QWAVSAQHAIRQVRKTESCTQTFSDCPFLI
30,20,QKECYLPGYYIEVIHQFVTE
31,23,HYLYSWQSNGTSESAADLRTSAC
32,6,CYWWHH
33,2,IA
34,30,EVDFHVSENEEACFAIAVQSGWQQPDHVRR
35,30,IQTIWNEDYYQGVSHGGMMQRCHCCDVLLD
36,2,LD
37,21,ECSYMEFVDPQRCRLSQYSID
38,15,EHSGFPMVLACSIRL
39,1,C
40,8,IKRHWQAR
41,2,GC
42,9,YGIPCAFQW
43,13,AGIMENTMKMPEE
44,5,MMHDE
45,15,YHSHPVELAYHYSER
46,0,
47,3,WNS
48,30,NCKVNNFWHQIRPNPSPAADGEKLQPVINA
49,18,SAGGVHTWWAHRMICRSK
50,30,IWTGYARYRALLIGAPITPPTMWWESKAKK
51,30,PCCFGDFKDHNNFEFFILPYNLPSSCNKMV
52,3,DCY
53,1,H
54,0,
55,22,YLRLQMWKEIKWPNDYMGDAMT
56,3,TGE
57,30,NTDWILCSIWCAFWCWIWKLPYIFIPAFDR
58,16,DLTALIHQSETPLQAS
59,1,F
60,17,MRHVDMYITHGYAYKGH
61,30,GVTTQCREGSIYLDDWEHEASFTSGELCGS
62,30,EVRQWMFKDWPIATAIMRECPDDGYDGIWF
63,30,SCYLKFVVQRLLYNFVYHEKSAMSEVMWKL
64,8,KFHCLKHM
65,1,L
66,8,ADSREVCN
67,18,SCHFANWLGCEMYPFEAN
68,7,KKQFPWG
69,30,AVSMVDTAMPRKHHVQLYYACQGLAEGVEY
70,21,IGLSRHHFQNSHRNLDLGYRV
71,30,ADSNGIWEFQHNEKKCMAGWPIMRCEGCIK
72,5,RERSG
73,30,SFKQEPEDVANCAMQQRYRPGDISHGQRRS
74,18,TVESFNMLLFANTKENMR
75,3,SYH
76,17,ANQQKHWHAVTIFIIWT
77,17,EVQMDTITFIKDCMYQV
78,20,MTSRWFCRTTCQEQLCEEHL
79,27,NHCCRLVKWQARESMKVDRPLWFLYYN
80,5,MVEFT
81,4,IKNN
82,12,ARPWTLLQCVCS
83,30,SKINYPRDTTVWMGEHDTAYKYVRTIVAYV
84,3,SMP
85,30,CMYASKLGDHTVKTLINDDHMQYGNTWWRF
86,30,QALFCALQEDKGPDHNMIQIHYIMPNCFHQ
87,17,CLAWGIQKQETCKNKPK
88,30,LSLFMRADWIPNFICNRCILYCVDRSFCWR
89,15,IIYHSWPMKRDCMNF
90,9,ATEINTIAR
91,0,
92,21,GEWTQIEMYSWGDQRMCLPEY
93,8,CYAYHAYQ
94,30,YEIHTVDNTRFYWCHLMTQGDCYEDLCIIC
95,30,MGPQSPWVKPDNQRNYRDDDGRHANTWDID
96,18,NKAYWDIPEKHRSPYNSK
97,30,AVQNSMQQWEVRRFMYGYSIYDDLVPVEHI
98,3,NYT
99,27,RSYYPCGPKMYRRSWVVYSQGENVDVS
100,30,VTRDNAARVLVVCTELDEWAMAICVLAPYI
